post_id,ticker,posted_at,title,label,note
005380_150357589424924,005380,2025-07-15 00:28:23,"곧, 달러와 금,은이 동시에  대폭락하는 이유 .",,
005930_150357589426737,005930,2025-07-15 11:36:25,우리나라도 계단식 상승파동이?,,
005930_150357589434074,005930,2025-07-17 11:05:07,국민노후로 5만원 하단에 졸라쳐팔고 오늘 쳐사는 연기금눈먼돈,,
005930_150357589453758,005930,2025-07-27 22:24:51,삼성전자: 엔비디아 14조원 수주 예상 -->매수 적기,,
005930_150357589463802,005930,2025-07-31 11:16:11,특례상장은 국민들 갈취하는거니 국민들 생활수준이 좋아질수가 없지비,,
005930_150357589464916,005930,2025-07-31 19:47:52,시장을 외국수준처럼 못맞추는 정부~!,,
000660_150357589476912,000660,2025-08-06 10:17:08,■ [신규상장] 대한조선 + 프로티나 + 엔알비  / 초저평가,,
005930_150357589477164,005930,2025-08-06 11:16:27,■ [신규상장] 대한조선 + 프로티나 + 엔알비  / 초저평가,,
005930_150357589478015,005930,2025-08-06 21:44:35,마국이 달에 원전을 건설한다는데,,
005930_150357589479019,005930,2025-08-07 11:02:17,새로운 반도체,,
005930_150357589491296,005930,2025-08-12 13:32:52,개똥전자 텍사스농장 발주~!,,
005930_150357589501193,005930,2025-08-14 10:11:48,하이닉스 삼성전자 강력매수오늘 지수..65포인트 급등함.,,
005930_150357589509875,005930,2025-08-19 14:50:24,"대박) 삼성전자, 엔비디아 HBM3E 공급 확정 ->급등 호재",,
005930_150357589513529,005930,2025-08-21 13:01:45,닭들의 수난시대~!,,
005930_150357589514087,005930,2025-08-21 21:04:13,증세는 = 부동산 = 보유세를 높이면 됩니다 = 자본 시장에서 = 세수 확대하지 마시고,,
005930_150357589514844,005930,2025-08-22 10:17:38,오케이..오늘 종합지수 무난하게 3200돌파시키고..다음주..3350까지 달린다..커커커,,
005930_150357589522803,005930,2025-08-27 00:41:54,속보) 삼성전자: 엔비디아 보낸 HBM4 샘플 합격 -->대박호재,,
005930_150357589523921,005930,2025-08-27 11:52:35,과거엔 목표수량을 채우기도 전에 오지게 반등 가던데 요즘은,,
005930_150357589529675,005930,2025-08-29 14:04:11,속보) 삼성전자: 엔비디아 보낸 HBM4 샘플 합격 -->대박호재,,
005930_150357589531981,005930,2025-09-01 10:37:24,코스피..낙폭한자릿수로 축소.오후엔..프러스전환..될것임...수출호조.,,
005930_150357589532134,005930,2025-09-01 11:19:20,종합주가,,
005930_150357589532618,005930,2025-09-01 14:17:28,오케바뤼..조금전 지수 바닥침..이제 계속 우상향..급등패턴으로 진행됨. 커커커,,
005930_150357589538674,005930,2025-09-04 11:42:35,★★★★★★<긴급-속보..대적중>...찍었다하면 대박...삼성전자 .하늘이 무너져도 당장 질러라,,
005380_150357589547375,005380,2025-09-08 15:06:16,셰셰가짜정권이 만일 사법개혁을 한다면 즉시 셰셰재판속개!,,
005930_150357589549566,005930,2025-09-09 14:09:12,내일장...42포인트 급등마감된다..미리말해줬다..,,
005930_150357589573829,005930,2025-09-15 14:56:29,삼성전자 주가 전망과 대응 방법,,
005930_150357589575137,005930,2025-09-16 04:52:02,수고했다 = 조방원 = = 큰 일을 했구나 = 3500이네 = 이제 = 나머진 = 반바지가 = 해 주길,,
005930_150357589590141,005930,2025-09-21 10:31:30,미국의 신노예 제도 가동에 무엇을 주는고?,,
005380_150357589595620,005380,2025-09-24 00:06:56,"부의 창조,Hidden 스토리:아이를 평생 주식부자로 키우는 투자법 .",,
005930_150357589599006,005930,2025-09-25 12:12:09,환율..1399  원...1400원 아래로 내려온다..커커커,,
005930_150357589604651,005930,2025-09-29 09:40:36,반도체매수 사이클이지,,
005930_150357589607601,005930,2025-09-30 14:18:12,시장이 왜케 재수가 없노?,,
000660_150357589611781,000660,2025-10-02 11:43:21,SK하이닉스 주가 전망과 대응 방법,,
005930_150357589617784,005930,2025-10-09 22:16:50,뜬금없이 중동전쟁지역으로 목숨걸고 놀러가기?,,
005930_150357589618172,005930,2025-10-10 08:57:46,시초가에 삼성젅자 하이닉스 풀베팅각..,,
005930_150357589620677,005930,2025-10-11 18:31:49,윤석열이 노벨평화상 받아야한다는 수십면투야 미쳤냐?,,
005930_150357589622253,005930,2025-10-13 08:12:54,오케이.??? 트럼프.중국관세철회..커커커..역시..,,
005930_150357589624533,005930,2025-10-13 14:05:15,"[속보] “中, 내달 8일부터 인조 다이아몬드 수출통제” ~ 독점적 일진다이아",,
005930_150357589624842,005930,2025-10-13 14:41:40,지수  급반등하고..환율 떡락하고..완벽하게 급등패턴,,
005930_150357589625036,005930,2025-10-13 15:10:28,내일..아침.장시작 폭등으로 시작한다..미리알려줬다 빚을내서라도 매수해라,,
005930_150357589625394,005930,2025-10-13 16:57:24,"◆ 속보)삼성전자, 엔비디아 HBM3E 납품 확정: 20% 폭등 가능",,
005380_150357589633243,005380,2025-10-16 10:38:07,■ 시총 220억 [극단적 초저평가]  일정실업 = 현대차 + 기아차 [ 헷지 ],,
005380_150357589633321,005380,2025-10-16 10:57:13,현대차 주가 전망과 대응 방법,,
042660_150357589641576,042660,2025-10-20 14:33:21,한화오션 주가 전망과 대응 방법,,
000660_150357589641589,000660,2025-10-20 14:38:24,반도체주중국인들모조리 패대기중이다 김민수의원 반도체등중국인 주가조작주특검하잖다 곧큰폭조정,,
005930_150357589641614,005930,2025-10-20 14:44:49,국방도 자주국방..주식시장도 기관 개인위주의 매수세 확대정책,,
000660_150357589641954,000660,2025-10-20 16:14:09,내년에는 sk 하이닉스와 삼성5만원도 지키기힘들것같다 내년 마이크론 미국최대 생산자급자족한단다,,
005930_150357589643486,005930,2025-10-21 10:16:14,10만원대 분할매도,,
005930_150357589651655,005930,2025-10-23 21:19:43,"삼성전자 분석 리포트(25.10.23.) : HBM, 파운드리 쌍끌이 전략으로 11만 전자 향해 질주",,
000660_150357589652603,000660,2025-10-24 09:25:10,■ 시총 10조 / 명인제약 = 극단적 저평가 + 고 배당금 + 연기금 지분 확보 [20배],,
005930_150357589658472,005930,2025-10-27 10:15:52,■ [50배]  유일에너테크 /  리튬 + ESS + 전고체배터리  ~ 2026년 황제주 유력!,,
005930_150357589658855,005930,2025-10-27 11:25:31,4천 넘어 가바야 먹을게 없는시장,,
005930_150357589662721,005930,2025-10-28 11:46:23,■ [속보] 전고체배터리 ~ 한중일 패권 전쟁  / 삼성SDI - 롤 프레스 방식 [20배],,
005930_150357589696041,005930,2025-11-05 14:43:58,■ [신규상장] 명인제약 1조 / 노타 8천억 ~ 미친 주식시장! [극단적 저평가],,
000660_150357589702739,000660,2025-11-06 11:19:20,오케바뤼?? 지수 개폭등...커커커...이재명은 합니다..지수 5000 포인트,,
005930_150357589702912,005930,2025-11-06 11:31:38,■ [신규상장] 명인제약 = 고배당주 + 자산주 + 무차입경영 + 미친실적 / 초저평가,,
005930_150357589708800,005930,2025-11-07 08:21:13,속보 북 미국과의물밑접촉준비중 속보다,,
005930_150357589711961,005930,2025-11-07 14:05:37,정부금강산관광재개한단다남북금강산개발계획발표 속보 ! 금강산에골프장과호텔보유  대북황제 1주가치20만,,
000660_150357589716240,000660,2025-11-10 09:06:07,"■ [20배] 로보티즈 3조 + 하이젠알앤엠 1조5천억 = 모델솔루션 1,300억 [로봇 핵심]",,
005930_150357589717322,005930,2025-11-10 10:27:37,100포인트 급등돌파..커커커.ㅇ이제..하루 100 포인트 위아래움직임이 일상이구먼.,,
005930_150357589721108,005930,2025-11-11 10:03:43,"■ [20배] 로보티즈 3조 + 하이젠알앤엠 1조5천억 = 모델솔루션 1,300억 [로봇 핵심]",,
000660_150357589729601,000660,2025-11-13 04:25:38,"SK하이닉스 목표주가 분석 리포트(25.11.13.) : HBM 독주, 메모리 시장 패러다임 변화의 선두주자",,
005930_150357589731677,005930,2025-11-13 11:18:44,"■ [속보] SFPM 엑추 ~ 개발중 / 1조5천억 + AFPM 엑추 ~ 개발완료 / 1,200억",,
005930_150357589749121,005930,2025-11-17 07:53:09,아난티 11월회담있다고 세계최고예언가 예언 일본아시안게임북대규모참가발표 환율폭등아난티U자턴하는주식,,
005930_150357589751632,005930,2025-11-17 10:23:44,삼성전자 주가 전망과 대응 방법,,
005930_150357589753262,005930,2025-11-17 13:25:34,■ 광림 ~~~ 상장폐지 / 정리매매 ~~~~ 이해불가,,
005930_150357589754579,005930,2025-11-18 08:11:48,다우6백우리도6백포인트대폭락오늘8만원간다 개미 10일간 2천만주 매수개미무덤 특허소송휘말린삼성,,
005930_150357589755462,005930,2025-11-18 11:30:01,★★★★★대박쪽집게의 폭등 직전 종목...전격공개,,
005380_150357589757171,005380,2025-11-19 07:45:38,내년최고관광황제아난티관광특수 최고조 내년은 환율폭등과 중공의 일본관광보이콧한국관광추가로 19조관광,,
005930_150357589759785,005930,2025-11-20 07:22:44,◆ 삼성전자: 목표가 30만원…내년 116조 돈방석: 매수적기,,
005930_150357589760387,005930,2025-11-20 09:42:27,"■ [신규상장] 씨엠티엑스 = 시총 2,300조 + 시총 600조 + 시총 370조 = 공급사 [20배]",,
005930_150357589762726,005930,2025-11-21 00:56:03,◆ 속보) 엔비디아: 7% 폭등: 오늘 삼성전자 7% 폭등 전망,,
005930_150357589763716,005930,2025-11-21 09:51:50,자..기관투자자 자금 집행하기시작..6조원 입니다.,,
000660_150357589765584,000660,2025-11-21 14:40:01,관광특수로 천일동양고속3상중인데 그곳에서 아난티관광황제주로 곧 이동한다 월요일부터 4상행진,,
005930_150357589769399,005930,2025-11-24 13:47:27,하이닉스 폭락시작한다 삼전 다털어라 그리고 미북회담뉴스터지자말자 3상가는아난티 잡아 속보 트럼프북고,,
005930_150357589772541,005930,2025-11-25 17:30:26,긴급관광주 동양고속시간외상 그러면 참좋은여행도 오늘시간외상가자,,
005380_150357589774317,005380,2025-11-26 10:53:19,미국껀 미국에 상장한다,,
005930_150357589774417,005930,2025-11-26 11:14:02,과거영업이익율과 현이익율평균으로 볼때 1500원환율만가도 반도체팔때마다적자다 내년 반도체주사면파산,,
005930_150357589774808,005930,2025-11-26 12:23:23,속보 전한길선생 미국에서는 2100원에도 1달러 구입하기힘들다고 폭로 환율1500원넘어면적자돌아서는반도체,,
005930_150357589775916,005930,2025-11-26 19:16:01,글타면 국가부도 내고 마~ 미국에 돈안주면 대네,,
005930_150357589776651,005930,2025-11-27 08:00:04,삼성가동중단위기 미마이크론은 12단 hbm4대량생산중이고 인텔도아마존도엔비디아도자체ai반도체개발중 연,,
005930_150357589777149,005930,2025-11-27 09:55:05,연금을운영중인 아래회사들들도 특검하라 곧 삼성 중국갈륨등 원재료 수출중단으로조업중단위기곧대폭락6만,,
005930_150357589777474,005930,2025-11-27 12:09:22,제목좀짧게하자 토론실이답답해보이니주가가 안오르자나?,,
005930_150357589780520,005930,2025-11-28 13:20:01,트릭매물도 팍줄었다 폭등시작하자    삼성과 짱깨외국인간 경영지분전쟁뉴스속보다 특종이다 반도체가격2,,
005930_150357589781241,005930,2025-11-28 14:36:04,빤스팔아1주라도 사라  전세계적 삼성 지분경쟁 뉴스속보다  삼성 반도체가격 2배 올렸다 좌우불문 삼성이,,
005930_150357589782263,005930,2025-11-28 19:05:47,이재용이미국에지분넘기면 50만원간단다 4분기실적스프라이즈 테슬라AI지율추행칩수주한삼성jp모간 코스피6,,
005930_150357589791109,005930,2025-12-04 01:42:38,★★ 특별 수혜주 대방출 무료안내 받아가세요 ★★,,
005930_150357589800761,005930,2025-12-08 11:29:55,올해의 배당왕,,
005930_150357589807645,005930,2025-12-10 10:48:09,단 하루! 금리인하 선반영 종목 무료로 열어드립니다,,
000660_150357589807658,000660,2025-12-10 10:48:54,강남3만평아파트지으려면30%배당해야되오세훈정첵황제주 하림지주 상법개정으로 초고율배당임박 4분기까지,,
005930_150357589807750,005930,2025-12-10 11:21:19,기관 매집 포착 ？？ 지금 들어가면 급등 파도 그대로 탑승합니다,,
005930_150357589810761,005930,2025-12-11 10:51:33,하락장속 이제 오를 대박 수혜주 목록 정리,,
005930_150357589810835,005930,2025-12-11 10:59:49,■ 서울 / 부동산 부자집 = 이화산업 + 대성산업 + 하림지주 + 천일고속,,
005930_150357589811507,005930,2025-12-11 12:50:26,10만전자가 아니라 중력전자,,
005930_150357589816690,005930,2025-12-13 00:06:29,※운영진 알림--게시판 반복 도배글 즉시 자진삭제할것-불응시 강퇴조치,,
005380_150357589818439,005380,2025-12-14 15:24:19,일본인의 눈물/과/ 한.국의.눈물  .,,
005930_150357589821762,005930,2025-12-15 15:05:15,개미다털렸다 내일상전문가 경방 제2의천일 발표 동영상 총유통주5백만주중4백만주 기관과세력매집 오세훈,,
005930_150357589823243,005930,2025-12-16 09:30:37,경방 서울땅 시총의 10배보유 자산재평가 무증 200%예상 1주가치 5만원 갈때까지 계속간다 전문가 경방 제2,,
005930_150357589825628,005930,2025-12-16 18:33:16,◈◈ 오늘 공개 → 이번 주 폭등 가능성 높은 TOP 종목 안내드립니다 ◈◈,,
042660_150357589829508,042660,2025-12-17 16:30:31,대체거래에서상때리고 12방간다  [경방] 최고의노른자땅 명동을지로 강남3만평개발속보  실제pbr0.01경방주,,
005930_150357589831642,005930,2025-12-18 11:18:13,"이재명 정부는 반드시 해냅니다..지수.쭈우욱 ,끌어올리는중.",,
005930_150357589831924,005930,2025-12-18 12:04:04,lg에솔에서 자살자 나오것군~!,,
005930_150357589834729,005930,2025-12-19 11:20:16,한국증시의 희망은 주식하면 망한다는 꼴통세대들이 사라지고나면,,
000660_150357589834800,000660,2025-12-19 11:31:44,팍스넷관심주1위 1주가치가 20-30만원경방 10만원이상은간다 외인없고 부채없고 매년 풍부한배당준다 증시,,
005930_150357589836584,005930,2025-12-19 21:01:54,주주분들 확인하세요,,
005930_150357589841644,005930,2025-12-22 21:18:10,현 시점 외국인이 가장 주목하고 있는 종목안내,,
005930_150357589845139,005930,2025-12-23 19:02:58,서울시장정책황제주5-10배기본  무증2백%예상12방짜리   [경방] 뉴스속보 천일과 같다강남고속버스터미널,,
005930_150357589845439,005930,2025-12-24 01:30:42,◆ 삼성전자: 목표가 30만원: 내년 영업이익 120조: 매수적기,,
005930_150357589845684,005930,2025-12-24 08:24:48,경방이 삼성의 6배배당준다 삼성털고 경방사라 오늘경방매수해야배당받는다  오후불기둥반드시있다5조땅,,
005930_150357589846564,005930,2025-12-24 11:04:47,애두라...빨리사 배당도 준단다...메리쿠리스마스~~~~~~~~~~,,
005930_150357589847302,005930,2025-12-24 13:14:19,[경방] 무관세주 서울5조부동산개발회사 경방 1주가치 30만원 전세계증시에서 가장져평가 곧핵랠리대체거래,,
000660_150357589855499,000660,2025-12-26 19:01:27,쉐쉐는 국가를 경영할 지적능력조차 없다 전원책발표!,,
005930_150357589856461,005930,2025-12-27 13:59:19,과다홋가부담금제도 ㅋ--유동성이 줄어들지도,,
005930_150357589864085,005930,2025-12-29 13:33:29,로봇도 이젠 자율보행 단계에 들어서는건가?,,
005930_150357589864478,005930,2025-12-29 14:33:10,ㅏㅏㅏㅏㅏ,,
005930_150357589886164,005930,2026-01-02 20:48:52,국내주식 & 미증시 지수 투자 전략!! 무료공개,,
005930_150357589886410,005930,2026-01-02 22:22:32,◆◆ 26년 새해 첫 대박수혜주 발표 ◆◆,,
005930_150357589886569,005930,2026-01-02 23:33:12,시총 = 삼전 1000조 = 하이닉스 500조 = 엘지엔솔 300조 = 포스코 홀딩스 = 200조,,
005380_150357589888932,005380,2026-01-03 19:20:23,현대차 주가 전망과 대응 방법,,
005930_150357589901141,005930,2026-01-05 10:45:28,◆ 속보) 반도체 샌디스크 16% 폭등: 월욜 삼성전자 10% 폭등 가능,,
005930_150357589905060,005930,2026-01-05 19:14:20,삼성전자: 올해 영업이익 133조원: 233% 급증,,
005930_150357589914547,005930,2026-01-07 12:33:18,한달간센조정시작된단다시총의배이익난회사도 1주가치의3분의1주가인데 시총의 10%남짓한 이익인데 자산가,,
000660_150357589926766,000660,2026-01-08 14:51:46,보수국민은 지수받쳐놓은 거품반도체등 지수받쳐놓은 개딸풀매수주안사기운동 본격시작 개딸주대폭락시작,,
000660_150357589928689,000660,2026-01-09 08:40:47,대기업437개기업 부도위기명단 https://youtu.be/fD4uQ-ZkzTk,,
000660_150357589937350,000660,2026-01-11 07:36:10,1월국가부도주식지금다털어라고 속보 달러사라   https://youtu.be/SfqfXo4Tvvo,,
005930_150357589938320,005930,2026-01-11 22:02:59,우리나라 기관도 석달마다 보유종목 공시합시다.,,
042660_150357589944976,042660,2026-01-13 09:14:12,상한가 미리 추카 하겠데이...,,
005930_150357589953640,005930,2026-01-14 10:06:48,.........로봇감속기 글로벌 수출기업  엔비알모션  신규상장,,
005930_150357589966729,005930,2026-01-16 05:18:15,텐배거 (10배) 이런거 하다가 패가 망신한다,,
005930_150357589967423,005930,2026-01-16 09:44:50,경방은서울에5조노른자강남땅보유 장부상가치의 4분의 1토막 천일고속보다 몇배 더많다,,
005930_150357589970280,005930,2026-01-17 12:06:08,화장실을 갔다오니 몸이 상쾌하네~,,
005380_150357589972324,005380,2026-01-19 03:01:28,■ [50배] 브이원텍 / 시스콘로보틱스 = 현대차 로봇 + 삼성전자 로봇,,
042660_150357589973233,042660,2026-01-19 10:05:11,■ [신규상장] 티엠씨 = 극단적 초저평가 / 조선 + 잠수함 + 원전 + 광케이블  [미국공장],,
005380_150357589977139,005380,2026-01-20 07:23:44,"천일고속 3파 상승 출발, 유통 201,587주! 500?",,
068270_150357589986520,068270,2026-01-21 15:28:52,8만원갔던 로봇몸통과 관절 전로봇독점주 남선알미우 외 로봇거품백배주들 모조리다털어라알테오젠꼴난다,,
005930_150357589992522,005930,2026-01-23 08:12:25,붉은색으로 빚투하는것은 공산적화를바라는것 자살율 1위 될나라,,
005930_150357589995416,005930,2026-01-23 12:02:18,존경하는구케의원 궤시끼들,,
005930_150357590002151,005930,2026-01-26 18:39:51,부정선거개한민국 폭스뉴스등에서 거들나네 ! 개한민국A-WEB등 국제부정선거카르텔24년미대선중공선거개입,,
005930_150357590004669,005930,2026-01-27 21:11:34,통일교와 신천지 관련의원 조사하면 찟두로당모조리다 체포될듯 자 극좌넘들이 국힘당신천지 운운하면서 체,,
005930_150357590008453,005930,2026-01-29 10:54:35,뉴스에 파라라~,,
005930_150357590010651,005930,2026-01-29 21:17:44,● 속보) 삼성전자: HBM4 엔비디아+AMD 2월 동시 납품: 100% 폭등 호재,,
000660_150357590011443,000660,2026-01-30 09:33:21,찟두로가 한국인건드리면 퍠가망신? 중국비난하면 징역형이라해놓고 조폭도 아니고 협박하냐,,
005930_150357590015033,005930,2026-02-01 13:31:35,경차 주차선을 3개를 자로질러 주차한 인간의 심성은?,,
000660_150357590017250,000660,2026-02-02 13:35:14,은가격30%폭락 금도 폭락 찟두로가인버스보유한개미살인했다 인버스1년동안무려 20배 떨어졌다 인버스 무조,,
000660_150357590018757,000660,2026-02-03 07:43:11,국제은가격어제 27%폭락오늘 4%더 폭락 삼성 인버스 2X 은 선물 ETN 향후은가격30%더폭락예상   삼성 인버,,
000660_150357590021484,000660,2026-02-03 19:37:00,찟두로가 협박서울아파트 이때아니면못사 친척들에게 사라고해야겠다 이때 사야되2천만일본인들어온다,,
000660_150357590022235,000660,2026-02-04 07:12:34,[삼성 인버스 2X 은 선물 ETN(H)] 은가격 60%이상 빠진단다 은가격어제 약90불까지 올랐다가 현재 폭락86원,,
005930_150357590026624,005930,2026-02-05 10:47:46,인공지능 장사안댄다는 찌라시~가 돌기 시작했다,,
005930_150357590030143,005930,2026-02-06 13:15:56,자율자동차선두주자이며 로봇주 휴림에이텍 20년도코로나때도 5700원했고 제무재표도 똑같앗다 [휴림에이,,
005930_150357590036333,005930,2026-02-09 19:40:28,인공지능 찌라시로 한국증시를 자지으지 하는겨?,,
005930_150357590041108,005930,2026-02-11 18:28:10,★★★도배쟁이 넘들아 한줄씩 올려라-너네가 게시판 전세냈냐~~? 썩을 넘들아~~!!!,,
068270_150357590045746,068270,2026-02-13 13:56:11,서울시장북콘서트한시공사 바이오스마트공시자료에 나온다 바이오스마트 백배간다 기본10만원고속도로 10만,,
005930_150357590050957,005930,2026-03-02 11:02:21,공산독재국가는 하메네이처럼 공산독재우두머리 하나만 쳐부수어도 끝난것 독재는 오로지 그 악마하나에서,,
005930_150357590051131,005930,2026-03-02 17:50:24,삼성전자 현대차증권 목표주가 분석(26.02.27) : 추론 시대의 핵심 포트폴리오,,
005930_150357590052959,005930,2026-03-03 20:47:13,여러분들 심리에 IMF가 떡하니,,
000660_150357590057122,000660,2026-03-06 08:19:28,■ 20배 폭등재료 / 펨트론 = 삼성전자 + 하이닉스 / HBF + HBM = 국내 유일,,
005930_150357590059292,005930,2026-03-06 22:45:30,이스라엘 = 원유 공급처 = 아프리카 산유국 = 주가 상승 견인,,
005930_150357590061368,005930,2026-03-09 07:08:12,삼성전자 신입니다 쩜상 가자 전재산다넣었다 신용몰빵했다 제발 쩜상 차바꾸러간다,,
000660_150357590063919,000660,2026-03-10 09:20:05,반도체 황제주 = HBF + HBM / 펨트론 (삼성전자 + SK하이닉스) / 20배,,
068270_150357590064632,068270,2026-03-10 13:40:27,213000매도 만주 단타라 했다,,
005930_150357590064983,005930,2026-03-10 15:22:27,원유수송막으면 20배 공격~!,,
005930_150357590084289,005930,2026-03-20 10:28:47,■ [시총 10조] 표적 면역 항암제  = 완전관해 100% + 병용투약 완전관해 / 카나프테라퓨틱스,,
005930_150357590100678,005930,2026-03-30 05:11:03,만약,,
005930_150357590101198,005930,2026-03-30 09:42:37,트럼프삼성지분받자말자50만원간다  3700억자사주매수 삼성목표가30만원두산에너목표가 20만원 오늘놓치면,,
005930_150357590101435,005930,2026-03-30 11:14:48,전세계ai테이터센터전력에 가장중요한 두회사 삼전과 두산에너 이두종목오늘부터 집중매수 트럼프삼전인수,,
005930_150357590101622,005930,2026-03-30 12:25:07,나라역사자존심?전쟁없는평화의시대원하다면 미국51번째주병합한국이 먼저보여줄때! 2만포인트백만원,,
005930_150357590103892,005930,2026-03-31 14:52:11,힘당애들은 싸움개?,,
000660_150357590112993,000660,2026-04-06 09:27:46,미51번째주되면국가부도없다무관세정은이중공러시아 침공얼씬도못해코스피2만 티씨머티10만부자공산적화?,,
005930_150357590114628,005930,2026-04-07 07:23:39,설마 합의 안되겠냐 ㅎ 코스피  블장 가즈아  쩜상  전재산다넣었다 신용몰빵했다 제발,,
005930_150357590115676,005930,2026-04-07 13:18:47,샛파란색오면 매수해서 또먹으면되  티씨머오후상 이란국영방송트럼프안조롱곧이란 전녁발전소전력망초토화,,
005930_150357590116026,005930,2026-04-07 15:46:03,재명이하야해라 중국인관광객에 관광자금 퍼준다 지방선거중국인 투표권 올스톱해야이런짓안해,,
005930_150357590116177,005930,2026-04-07 18:10:08,대차상환 미친듯이하네ㅎㅎㅎ 낼부터 외국인복귀하면 30만원금방갈듯,,
005930_150357590116263,005930,2026-04-07 20:02:49,핵은 핵으로 막는다는 해괴변증법적 구현이론?,,
000660_150357590120610,000660,2026-04-09 10:23:54,국힘은재명이당윤탄핵선동 황교안의자유혁신당이몰승못하면공산적화마찬가지 호르무즈악마이란지도부재봉쇄,,
005930_150357590124530,005930,2026-04-10 13:13:15,3천조우크라 중동이란 독점 [코위버] 타광통신주에비해 per무려10배에서 50배 초저평가광통신주거의대부분,,
005930_150357590126475,005930,2026-04-11 20:24:32,산업의 고기,,
005930_150357590131387,005930,2026-04-14 09:32:28,10조원계약 [피노] 광통신에서 밧데리원료주로 간다 대장이다 원유가대폭등 이제는 ai데이터세터 천문학적,,
068270_150357590131937,068270,2026-04-14 10:55:53,[피노]  주가폭락하면 무조건 재명이가 아파트팔아 주식하라고유도해서 생긴일재명이비난해라 ESS와밧데리,,
000660_150357590132051,000660,2026-04-14 11:17:52,■ [20배] 신규상장 / 액스비스 = 로봇 관절 + 로봇 눈 + 로봇 심장 / 현대차 로봇 동맹,,
000660_150357590133006,000660,2026-04-14 14:12:54,[피노]  실적없는통신주는털고매출10배전구체주는퍼담아야된다 5월트럼프시진핑전구체관련회담 전구체핵전,,
005930_150357590138301,005930,2026-04-16 10:48:34,[20배] 한빛레이저 + 레이저쎌 + 액스비스 / ~~~~ 참조,,
005930_150357590140683,005930,2026-04-17 10:12:46,IMF빚투죄명이에강력경고 IMF때삼성주가330배폭락나는 반처분 이스라엘 브륨 중단시9만,,
005930_150357590141119,005930,2026-04-17 12:48:17,파업으로 영업을 아예못하는데 게다가 삼성노조가 삼성이익다가져가빈껍데기되하반기적자란다,,
005930_150357590141129,005930,2026-04-17 12:53:45,반년정도 영업중단하고 로봇으로 싹교체해라 그것이 삼성이사는길 곧 IMF오면삼성주어차피3천원,,
005930_150357590141653,005930,2026-04-17 15:37:58,죄명이와 죄국이의 이스라엘과 네탄야후에대한 공격적비난 월가에서 심각하단다 블랙먼데이,,
005930_150357590143013,005930,2026-04-19 17:26:48,대한민국뒤집어질 최악의 충격사건터졌다,,
005930_150357590143273,005930,2026-04-20 05:50:37,돌아가는상황이 않조은데 ㅠ 종전해야하는데 삼전 전재산다넣었다 신용몰빵했다 제발 쩜상 차바꾸러간다,,
005930_150357590144634,005930,2026-04-20 13:07:54,20배 ------------------------------ 리센스메디컬--------------------------,,
005930_150357590146208,005930,2026-04-21 10:23:08,[파워로직스] 양자칩이들어간보안모듈가격이 수백에서 수천만원 미국방부공급파워로직스1주가치보다낮다절,,
005930_150357590149868,005930,2026-04-22 13:03:52,정부양자보안으로수백조교체핵심주 코위버대량흑자 코위버는대장이고흑자인대1주가치2만원의반가격[코위버],,
005930_150357590151650,005930,2026-04-23 09:26:48,삼성은 조폭노조의협박으로 40조 피해에 30조 파업으로 피해하반기 심각한적자로 9만원깨진단다유태인탈출,,
005930_150357590152659,005930,2026-04-23 12:46:41,주주 피빠는 노조~!,,
005930_150357590157329,005930,2026-04-25 14:49:49,찟두로의노란봉투악법이 삼성도 곧붕괴시킬것 롯데칠성 광주공장 2026년3월 폐문 ! 그이유는 극좌민노총이,,
068270_150357590158304,068270,2026-04-26 09:38:36,혁명수비대소속이란대사관직원들에게 찟두로가 국민혈세로 포상금주었단다 충격적이다 반미선동이란대사관,,
005930_150357590158423,005930,2026-04-26 12:17:49,중국인1억명에게 이선거철에 왜 무비자 급하게 만들어주었을까? 중국에서 3만원이면한국주민등록증발급가능,,
005930_150357590159130,005930,2026-04-27 06:59:12,우크라중동통신재건은양자통신이한단다 정부도 수십조 양자통신보안암호모듈로 모조리교체한다대장이다미토,,
005930_150357590159776,005930,2026-04-27 09:49:28,지방선거일 직전까지 지수 계속오른다고 분명하게 말씀드렸죠? 지금이라도 풀베팅하세요,,
005930_150357590160978,005930,2026-04-27 15:03:37,민노총노조간부들그것들부터 짤라라 그것들이삼성근로자일방해한다 방해협의로고발당장체포해,,
005930_150357590164322,005930,2026-04-29 00:25:15,● 삼성전자: 영국 ADR 폭등 신고가: 선매수 유리!,,
005930_150357590165124,005930,2026-04-29 09:37:37,이재명 대통령님 감사합니다..코스피 폭등..코스닥 폭등...감사합니다,,
005380_150357590165903,005380,2026-04-29 12:09:51,■ [50배] 성형외과 혁명 + 피부과 혁명 + 의사 혁명 + 환자 혁명 = 리센스메디컬,,
005930_150357590166179,005930,2026-04-29 13:57:40,내일반드시상경제장관출신이대표인주식은 프리미엄 1주자산가치2만원의 두배인 4-5만원이적정가다 내일반드,,
005930_150357590169334,005930,2026-04-30 15:23:10,"■■씨엠티엑스,절대저평가-TSMC삼성전자마이크론 모두 고객사-생산케파100%증대 수주폭발 강력매수",,
005930_150357590171171,005930,2026-05-02 07:03:44,찟두로하야찟두로당해체가 서민이사는길! 국민연금75세에주겠다네? 윤어게인황교안차기대통령이안보경제 노,,
005930_150357590171221,005930,2026-05-02 08:01:50,삼성노조간부들이삼성첨단기밀을 중공으로 넘겨주고 돈받고있다고 속보 1원땡전주지마라 저것들은 모두 중,,
005930_150357590172529,005930,2026-05-03 13:57:08,삼성노조위원장이 베트남을 갔다온후 다른나라들이 삼성을 따라하기시작했다 노조위원장수사본격시작,,
005930_150357590174876,005930,2026-05-04 11:44:53,축...종합지수 6900 돌파~~~~~~ ㅍ사상최초.,,
068270_150357590175561,068270,2026-05-04 15:47:18,[유엔젤] 둥남아중동아프리카통신재건한회사 우크라 중동통신재건황제주다 전한길열사 계양을출마 황제주,,
005930_150357590179502,005930,2026-05-06 09:35:39,오늘부터 전재산몰빵 [유엔젤전한길차기대통령주 인천계양을출마 본격대선! 대선주는백배간다 광통신양자암,,
005930_150357590181142,005930,2026-05-06 14:05:04,유엔젤 75일선도착 75일선도착한주식은 죽어도폭등한다 54년차다전한길선생인천계양을출마 차기대통령주대,,
000660_150357590181250,000660,2026-05-06 14:24:50,유엔젤 75일선도착 75일선도착한주식은 죽어도폭등한다 54년차다전한길선생인천계양을출마 차기대통령주대,,
005930_150357590183800,005930,2026-05-07 11:37:30,삼성인수기업은백만원간다케이씨에스삼성인수초소형양자보안칩최소성공 삼성폰에 탑재미사일과 드론등에탑,,
005930_150357590186045,005930,2026-05-07 20:59:26,오십팔을 개헌전문에 넣는다고 ? 7천여명명단발표도안하고 ? 전문에넣으면 박대통령이승만대통령역도되네 h,,
005930_150357590186088,005930,2026-05-07 21:45:20,"로봇도 자기학습ㅇ,ㅡㄹ 오지게해서 데모만 할거임~!",,
005930_150357590188248,005930,2026-05-08 11:32:10,수십조매출시작[케이씨에스] 삼성폰에20만원 양자칩탑재한다한해44조이익이야 폰뿐만이아니라 자동차 금융,,
005930_150357590188409,005930,2026-05-08 11:57:19,10원짜리칩이아니라수십만원양자칩삼성에 20만원대공급 수십조매출시작 [케이씨에스] 삼성폰에20만원 양자,,
005930_150357590189140,005930,2026-05-08 13:54:05,■ 쩜 상한가 10방 가능 조건 ~~~~~~ 베뉴지 / 삼성전자,,
005930_150357590190616,005930,2026-05-08 18:15:28,퀄컴이무슨반도체냐 설계회사지 미국주식은 더오르겠지만 한국반도체는 끝 트럼프관세폭탄시작,,
005930_150357590194494,005930,2026-05-11 12:31:31,이란이 두번이나 나무호조준해서공격부상자발생선박화재라고개돼지국민에게 사기쳐! 지방선거야당승리이란,,
000660_150357590194549,000660,2026-05-11 12:44:17,찟두로지입으로 우리국민건들면 패가망신시킨다고했는데 당장 이란에함선보내서 혁명수비대지도부척살해 거,,
005930_150357590195431,005930,2026-05-11 18:13:01,삼성노조중국노조 미국노조 파업하면 삼성콩가루된다 주주들피해액86조노조에청구 빈껍데기삼성4만원간다,,
005930_150357590197025,005930,2026-05-12 11:52:09,아이온큐시총30억케이씨2천억말도안되는격차 대한민국의 아이온큐다   스위스양자컴퓨터 회사 idq와양자컴,,
005930_150357590199094,005930,2026-05-13 09:06:34,■ [20배] 푸른로보틱스 = 현대차그룹 / 협동로봇 [시총 900억] ~ 초대박!,,
005380_150357590199203,005380,2026-05-13 09:26:25,현대차금속노조파업하면 이건끝장난다 파업한단다 나는다털었다 러시아지시받아북서울경기도순식간점령준비,,
005380_150357590199320,005380,2026-05-13 09:48:17,현대차파업손실만 눈덩이될것 차도 안팔려걱정인데 ! 5월춘투시작 현대차와노조로봇들어오면무기한파업게다,,
005930_150357590199360,005930,2026-05-13 09:56:14,■ [20배] 푸른로보틱스 = 현대차그룹 / 협동로봇 [시총 900억] ~ 초대박!,,
000660_150357590199628,000660,2026-05-13 10:50:15,금투세요>? 그딴거 절대안합니다..지금보세요..삼성파업도 절대못하게 한다고 총리가 말했어요,,
005380_150357590199734,005380,2026-05-13 11:18:21,19만원부터 거품이심각 중국차전세계장악 현대차비싸서몇대도 안팔렸단다 3조이익감소하반기적자파업시작,,
005930_150357590200047,005930,2026-05-13 12:25:30,한국주식말고 미국주식95%매수하라는전문가말씀 곧한국증시반꺽인다 IMF는반드시온단다한국은행거짓말폭로,,
005380_150357590200051,005380,2026-05-13 12:25:59,한국증시곧반꺽이니 미국증시95%투자하란다 IMF는반드시온단다한국은행거짓말폭로 현금3%도보유하고있지않,,
005930_150357590200757,005930,2026-05-13 15:46:17,민노총에 영업이익30%면순이익50%인데 떼어주면년간 38조연구비도 떼고 영업이익에서 25%세금떼고빈껍데기,,
005930_150357590200785,005930,2026-05-13 16:00:10,하반기부터는 미국기업들 파운드리와 hbm과잉생산하여 삼성적자난단다 미국 6개기업 일본기업 중국기업,,
005930_150357590202092,005930,2026-05-14 09:07:18,■ [쩜상한가 10방] 강남고속버스터미널 =  천일고속 + 동양고속 + 대성산업 [3인방],,
005930_150357590205148,005930,2026-05-15 09:56:51,긴급 정보...오전 10시 30분  종합지수 8100 돌파 흐름 나올겁니다,,
005930_150357590206011,005930,2026-05-15 20:54:27,기업은 끊임없이 혁신해야하는데,,
005930_150357590208293,005930,2026-05-18 11:14:39,케이씨에스(KCS)의 초소형 양자보안칩은 우주항공·위성통신 분야에서 ‘없어서는 안,,
000660_150357590208534,000660,2026-05-18 12:14:07,"■ [실적공시] 제2 하이닉스 ~ 현) +1,200% 폭등해도 싸다 [제주반도체]",,
005930_150357590208651,005930,2026-05-18 12:49:48,삼성현대엔비디아가 인수하려고 작업들어간케이씨에스 개미세력외인 총주식390만주도 안되 훅불면5상,,
005930_150357590210950,005930,2026-05-19 15:12:55,긴급...삼성전자 강력매수하세요.장마감후..극적타결뉴스나올듯,,
000660_150357590212044,000660,2026-05-20 08:18:41,"■ [실적공시] 제2 하이닉스 ~ 현) +1,200% 폭등해도 싸다 [제주반도체]",,
005930_150357590212073,005930,2026-05-20 08:34:59,삼성악마노조삼성없애고 기술빼서 중국보낸단다 산업스파이로 다잡아넣어라 21일부터 본격파업한단다,,
005930_150357590212090,005930,2026-05-20 08:37:42,삼성보다더많이폭등할주식칩하나 반도체의백배다 수십조이익난단다   전문가양자대장케이씨 10만원까지간다,,
005930_150357590212154,005930,2026-05-20 08:51:04,지금호가 뻥카입니다.속지마세요.선물이 급등하고있음,,
000660_150357590212729,000660,2026-05-20 11:09:22,"■ [실적공시] 제2 하이닉스 ~ 현) +1,200% 폭등해도 싸다 [제주반도체]",,
000660_150357590212854,000660,2026-05-20 11:41:47,삼성파업은 경쟁사   하이닉스는  대호재,,
005930_150357590213626,005930,2026-05-20 17:04:23,트럼프삼성미국오면 무조노와 매년15조 감세해택주겠다고발표 찟두로와찟두로당과민노총은삼성재산강탈혈안,,
005930_150357590213810,005930,2026-05-20 18:59:26,노조원들 검찰동원해서 탈탈 털기,,
005930_150357590214536,005930,2026-05-21 08:43:37,삼성노조에사자주로 준단다 털고 케이씨에스사라 곧 미아이온큐에7조정도에 인수될것같다 50배다,,
005930_150357590214690,005930,2026-05-21 09:16:57,세게적예언가대기업주털고 케이씨에스사란다 50배간단다 미아이온큐폭등했다케이씨에스7조정도에인수될것이,,
005930_150357590218091,005930,2026-05-22 20:07:44,이회사 노조원 골때린다,,
005930_150357590218868,005930,2026-05-23 20:58:24,경제 정책이 잘못됐다는 응답은 71%였다 이는 지난달 조사66%보다 5% 상승한 것이다.,,
005930_150357590221160,005930,2026-05-26 09:46:43,"■ 푸른로보틱스 ................ +1,200% 폭등해도 싸다  [시총 900억]",,
005930_150357590221257,005930,2026-05-26 10:05:36,"케이씨에스(KCS, 종목코드 115500)는 현재 최대주주가 ‘한국컴퓨터지주’로, 약 66.67%의 지분",,
005930_150357590221592,005930,2026-05-26 11:36:43,주주들에게도 성과급 배당을 해야 맞는거지~!,,
005930_150357590221917,005930,2026-05-26 13:41:40,돈 새어나가는 삼전으로 등극하면,,
005930_150357590223222,005930,2026-05-27 08:19:07,오늘은양자주대기업주폭락 국민연금없고거품전혀없고자산가치의3분의 1인한국컴퓨터와같은 초저평가삼성보,,
005930_150357590223346,005930,2026-05-27 08:38:04,한국컴퓨터작년보다50%이익증가오늘부터 본격폭등시총으로볼때삼성보다 실적좋으면서 자산가치의3분의1초저,,
005930_150357590223395,005930,2026-05-27 08:45:25,삼성보다이익더폭발했고 배당도5%주는데이주가가 말이되?한국컴퓨터작년보다50%이익증가오늘부터 본격폭등,,
005930_150357590224083,005930,2026-05-27 11:48:07,한컴은컴퓨터판매안한다oled와기판과 스마트폰부품등삼성독점공급회사다 케이씨per120곧폭락 털고 한컴사야,,
005930_150357590224128,005930,2026-05-27 12:02:07,기판태부족줄섰다 무인공장에서 기판제조중인 한컴은컴퓨터판매안한다oled와기판과 스마트폰부품등삼성독점,,
005930_150357590224971,005930,2026-05-27 16:08:35,드론기판등기판주대덕은 한컴과 1주가치비슷한데 시총이 한컴의백배다 조만간한컴 기판주로 10상간다 반도,,
005930_150357590225779,005930,2026-05-28 07:56:23,15만원간다 기판주대덕은 한컴과 1주가치비슷시총한컴의백배한컴 기판주10상간다반도체자동차로봇기판한국,,
000660_150357590229038,000660,2026-05-29 10:33:54,반드시며칠내한배간다 [한주라이트메탈]현대보스톤 3만대 로봇양산한주라이트가 공동양산 독일ZF와도 로봇,,
005380_150357590229076,005380,2026-05-29 10:40:23,개미털기사기다오후상퍼담아 반드시며칠내한배간다 [한주라이트메탈]현대보스톤 3만대 로봇양산한주라이트,,
005930_150357590230215,005930,2026-05-29 15:08:24,로봇핵심주가 3천원도안되월요일 샹랠리만원간다 [한주라이트메탈] 현대차미국보스톤나이나믹스로봇과 전투,,
005930_150357590233400,005930,2026-05-31 18:42:58,삼성평택공장크레인에올라가서 나도 돈퍼달라고 파업하는인간들봐 노란봉투기업파괴악법으로 삼성은 빈껍데,,
005930_150357590236085,005930,2026-06-01 14:03:06,6.3지방선거끝나면 코스피는지옥되고 코스닥이 대폭등한다 대기업주는 대폭락 중소기업특히한주라이트폭등,,
005930_150357590237930,005930,2026-06-02 09:44:27,미국독일일본로봇기업이 한주라이트에줄서는이유아직도 몰라? 주식하지마 40만원간다 전세계독점한주라이트,,
000660_150357590239618,000660,2026-06-02 17:54:20,방산무인차와 드론무인기미사일등에도 한주라이트의 2mm초박형반응고소재가 들어간다 27배폭등한다[한주라,,
005930_150357590240099,005930,2026-06-03 08:24:21,스타벅스탱크데이기획자폭탄발언모스탄팀한국에서 공산주의를보았다 폭로 !중국차는살상농약범벅 https://y,,
005930_150357590240339,005930,2026-06-03 12:57:09,부정선거전국적으로 노골적으로 이루어지고있다 찟두당백프로 승리다 전국야당참관인선관위가 배제개판,,
005930_150357590241689,005930,2026-06-04 09:28:58,삼성전자.프러스전환..제말이맞죠..미친듯 매수들어오네요...,,
005930_150357590241771,005930,2026-06-04 09:47:12,증시오늘몽땅폭락해서 7천포인트깨질듯 시총으로 삼전하닉의 10배이상매출터진 로봇주 한주라이트가 1%내리,,
005930_150357590242065,005930,2026-06-04 11:10:58,jw중외제약 글로벌 제약사로의 도약 가능,,
005930_150357590242388,005930,2026-06-04 13:21:37,젠슨황이 들런다는 바로그회사 27상간다  한주라이트의특수소재로 액추에이트와 로봇골격뼈다리발몸통만든,,
005930_150357590243740,005930,2026-06-05 06:50:25,삼성하닉보다 시총으로 10배매출터진 한주라이트 27방간다코스피대탈출코스닥한주라이트초저평가로봇주,,
005930_150357590244144,005930,2026-06-05 09:34:40,삼성하닉하반기부도난다고 예언가가 예언했을때 나는 안믿었다 그러나 사실이 되가고있다 다털고한주라이트,,
005930_150357590248273,005930,2026-06-08 07:56:11,제가 또 적중이죠.젠슨황 8시 30분 대규모 주문발표....오늘 이재명대통령 기자회견,,
005930_150357590248950,005930,2026-06-08 10:30:56,대박이네요..기업의 초과이윤으로..기본소득 실시,,
000660_150357590249155,000660,2026-06-08 11:24:13,■ [속보] 엔디비아 젠슨황 = LPDDR 대규모 적용 / 제주반도체 ~ 50배 폭등 재료!,,
005930_150357590249596,005930,2026-06-08 13:11:06,■ [속보] 엔디비아 젠슨황 = LPDDR 대규모 적용 / 제주반도체 ~ 50배 폭등 재료!,,
005930_150357590250940,005930,2026-06-09 08:58:15,정말 부럽네요...국내시장 폭등시켜주시고..유럽여행출발하시네요.,,
005930_150357590253115,005930,2026-06-10 08:50:27,지금..45분에 선물시장 개장했는데..기관에서 엄청나게 사들이고있습니다.제말맞죠?,,
005930_150357590253324,005930,2026-06-10 09:34:59,오늘하락뒤에는상한가가 대기하고있다 삼성이보유한 레인보우는 삼성의두배다 엘지전자가 보유한 로보스타,,
005930_150357590253673,005930,2026-06-10 10:54:04,엘지가 보유한로보스타가 유일하게 1익전환했는데 가장많이폭락했다 50만원보내자 로봇공급중인가보다 [로,,
005930_150357590253741,005930,2026-06-10 11:17:42,젠슨황이 로봇집중한다고했다 lg전자에 왜왓겠냐 로보스타지분인수하러왓지 로보스타부채비율제로 50만원간,,
068270_150357590255689,068270,2026-06-11 09:39:57,160100추가매수,,
005930_150357590255809,005930,2026-06-11 09:59:50,삼성하닉은반등하면무조건대탈출! 코스닥로봇황제주라고 젠슨황이말한 로보스타상랠리50만원까지간다,,
005930_150357590256501,005930,2026-06-11 13:18:05,찟두로하야가 증시코스닥핵폭등 로보스타역대최대호재에오늘상못가면 내일부터 줄10하한가다80%폭락한로보,,
005380_150357590259319,005380,2026-07-05 09:45:56,베재고학생들에게 사상교육시키는 극좌정권 1 스벅먹으러가자고하면오십팔조롱이냐명단이나까라6.3민주화운,,
005930_150357590259400,005930,2026-07-05 11:28:38,현대차에 0.4조수주한 한주라이트 강철보다 강한 알미늄15년개발정부지원성공!보스톤로봇공급전기차드론 초,,
000660_150357590260542,000660,2026-07-07 10:21:11,정권교체되면 가난한개미가매입한 코스닥3천국민연금부도막을수있다 소뒷발로 매수해도 아주크게 먹는다는,,
000660_150357590261321,000660,2026-07-08 07:46:37,아틀라스로봇에 제일먼저납품하는 한주라이트 30배인 5만원간다 전세계독점소재정부지원개발성공현대차참관,,
000660_150357590261639,000660,2026-07-08 11:06:54,한주라이트 신용제로 삼전하닉빚투최고상투에서 장난치다 파산 초저평가 12천원에서9배폭락한주라이트매집,,
005930_150357590262878,005930,2026-07-09 12:29:29,폭염정전시10상12천원부터  9배 폭락 30배가는게 적정 정부지원으로 초고압변압기송전선95%핵심소재성공개,,
005930_150357590262992,005930,2026-07-09 13:07:54,한주라이트 학도군출신부친애국열사기탁많이한 애국청년물빵주 한주라이트폭염정전시10상12천원부터9배폭락,,
000660_150357590263149,000660,2026-07-09 15:18:20,jw중외제약 글로벌 제약사로 도약 가능,,
000660_150357590263291,000660,2026-07-09 19:03:28,내일10퍼하락할삼전하닉개한민국경제모조리다 꺼꾸로하고있다   코스피를 코스닥의 10배 올려주가조작하여,,
000660_150357590264260,000660,2026-07-10 14:33:49,국민연금 420조중 백조도 회수못할듯 ! 9월이후 반도체과잉되면서 하닉 이전가격4만원 삼성도 !코스닥폭등,,
005930_150357590264592,005930,2026-07-11 11:02:03,위대한 전두환대통령의 원전개발완성업적 그로인해 싼 전기료를내는것 ! 그런데 좌파정권내내 원전건설방해,,
